AT1G01080	F4HQH8;Q8W592
AT1G02840	O22315;Q564E1;Q8L7P1
AT1G03360	Q9ZVT7
AT1G03457	F4I0X0;Q8GZ26;Q9LR77
AT1G04990	C0SUT1;Q94AD9
AT1G05190	O23049
AT1G06560	Q84MA1
AT1G07360	Q9LNV5
AT1G08360	Q8VZB9
AT1G09140	Q9XFR5;Q9XFR6
AT1G09340	Q9SA52
AT1G09760	P43333
AT1G09800	F4I2L0;Q6NKP7
AT1G11650	Q9SAB3
AT1G12800	Q94AJ9
AT1G13190	Q9SAF2
AT1G13730	Q9LMX6
AT1G14170	B9DH46;Q84MA6;Q9XI71
AT1G14640	F4HW92
AT1G15250	Q8LFH7
AT1G15910	Q9S9P3
AT1G16610	F4I4H8;Q5E925;Q9SEE9
AT1G17370	B3H4Q3;Q9LQI9
AT1G17640	F4I906;Q9LNP1
AT1G18630	Q9FZ84
AT1G20370	Q9LN29
AT1G20410	F4HSS8;Q8GW59
AT1G20880	F4HUQ5;Q8H1N8
AT1G22330	Q9LME7
AT1G22660	F4I2Y2;Q94K06
AT1G22760	O64380
AT1G22910	F4I321;F4I323;Q9ASQ8
AT1G23400	Q9LDA9
AT1G24450	Q9FYL8
AT1G24706	F4IAT2;F4IAT3;Q9FXJ8
AT1G26880	A8MR50;Q42351
AT1G27650	A8MRI1;Q9S709
AT1G29400	Q8VWF5
AT1G29550	Q9C7P6
AT1G30460	A9LNK9
AT1G30480	P42698
AT1G31500	A8MS41
AT1G32790	F4IEC7;Q9LPI5
AT1G33520	Q9C801
AT1G33680	Q0WLY0
AT1G33980	B3H5N7;Q9FVW4
AT1G36240	Q9C8F7
AT1G43190	A8MR27;Q0WQH0;Q6ICX4
AT1G43860	Q9MAR2
AT1G45233	F4HRC1
AT1G47490	Q9SX79
AT1G47500	Q9SX80
AT1G48410	O04379
AT1G48920	Q9FVQ1
AT1G49600	F4I3B3
AT1G49760	Q9FXA2
AT1G50300	Q9AST1
AT1G51510	F4I9J7;Q8LG23
AT1G51580	Q9C553
AT1G53120	Q93YQ0
AT1G53720	Q6Q151
AT1G54080	F4HV67;Q9SYG4
AT1G54310	F4HVA0;Q9ASW2;Q9SLK3
AT1G55310	F4I090;F4I092;Q9C8A1;Q9SEU4
AT1G56345	Q7XA65
AT1G59760	Q9XIF2
AT1G60000	Q8GWF5;Q9ZUJ3
AT1G60080	Q9ZUI4
AT1G60650	O22703
AT1G60830	Q9C6C1
AT1G66260	Q94EH8
AT1G69250	F4I0L1;Q9LDI9
AT1G71720	Q9M9H4
AT1G71800	Q9M9G6
AT1G72320	Q9C552
AT1G76050	Q3ECD0
AT1G77030	O49289
AT1G77680	Q0WPN0
AT1G77940	Q0WSA0;Q8VZ19
AT1G80930	Q9SAG7
AT2G02570	F4IR82;Q84K41
AT2G03640	F4IT98;F4ITA0;Q8GW56;Q9ZPR2
AT2G04270	F4IV66;F4IV67;F4IV69;Q8GZQ4;Q8RWB3
AT2G06990	Q9ZVW2
AT2G16940	F4ILE0;F4ILE1;Q9ZVW9
AT2G17510	F4INI6;Q9SHL7
AT2G17870	Q94C69
AT2G18020	P46286
AT2G18400	Q9ZPX2
AT2G18510	Q9ZU66
AT2G19430	Q8L4M1
AT2G19870	Q8W497
AT2G20020	Q9SL79
AT2G21060	Q38896;Q5BIT2
AT2G21440	Q9SJT4
AT2G21660	F4IHK9;Q03250
AT2G22090	F4IIL5;Q9SHZ6
AT2G22400	Q8L601
AT2G23350	O22173
AT2G23930	A8MSG1;O82221
AT2G24050	O82233
AT2G25910	F4ITJ6;O82306
AT2G25970	O82762
AT2G27530	P59230
AT2G29140	Q9ZW02
AT2G29190	Q9ZW06
AT2G31610	Q9SIP7
AT2G31890	Q8VZE7
AT2G33410	O22791
AT2G33435	F4IVU7
AT2G33440	F4IVU8
AT2G33540	Q8LL04
AT2G35410	O82299
AT2G37220	Q9ZUU4
AT2G38610	Q9ZVI3
AT2G39140	Q8L960
AT2G39260	F4IUX6;O80955
AT2G39460	Q8LD46
AT2G39780	F4IW05;P42814;Q1ECE2
AT2G40290	A2RVK1;Q9SIZ2
AT2G41060	O80678
AT2G41840	P49688
AT2G42650	Q8S8D2
AT2G42710	Q8RWT4
AT2G42890	F4IP94;Q9SJG8
AT2G43410	Q8LPQ9
AT2G43640	B9DGY4;F4IS20;O04421
AT2G43970	F4IT26;O80567
AT2G44710	Q8RWQ1
AT2G46780	Q501B0
AT2G47220	F4IL21;Q0WNB1
AT2G47310	Q6AWW6
AT2G47420	O22268
AT2G47580	Q39244
AT3G01370	Q8L7C2
AT3G01540	Q8H136
AT3G02320	Q9SRU7
AT3G02660	Q9M876
AT3G03920	Q8VZT0
AT3G04500	Q9M837
AT3G04610	Q9SR13
AT3G04820	Q5XVC2
AT3G07590	Q9SSF1
AT3G07750	Q9FPI0
AT3G07810	F4JFN7;Q8W555;Q9SFD3
AT3G08010	Q9SFB3
AT3G10360	Q9SS47
AT3G11400	F4J6A1;Q9SSJ0
AT3G11964	F4J8K6
AT3G12130	Q9C7C3
AT3G12640	F4J9U9;Q9LTX1
AT3G12680	Q941Q3
AT3G12990	Q9LDM2
AT3G13180	Q8VYC4
AT3G13224	Q8W4A6;Q9LHL2
AT3G13570	Q9LHP2
AT3G13740	F4JEI2;Q94F12
AT3G14100	Q9LJH8
AT3G15010	Q9LKA4
AT3G16230	B9DH47;F4J1H2;F4J1H3
AT3G16810	Q9LRZ3
AT3G18390	Q9LS51
AT3G19130	Q0WW84
AT3G20250	Q9LJX4
AT3G20550	Q8W4D8
AT3G20890	F4IWB2;Q9LT32
AT3G21100	F4IWD6;F4IWD7;Q0WP33;Q9LJC2
AT3G21215	Q9ASW4
AT3G21300	Q9LU28
AT3G22310	Q9LUW6
AT3G23070	F4J2U9;Q9LS85
AT3G23700	Q9LK47
AT3G23900	F4J5A7;F4J5A9;Q9LIR7
AT3G25150	F4J8X6;Q8VYJ4
AT3G25470	Q9LSV5
AT3G26420	Q9LIN3
AT3G26560	Q38953
AT3G27700	C0SVD1;Q9LVX1
AT3G27830	P36210
AT3G28900	Q9LJW6
AT3G32940	Q0WVW4
AT3G43920	F4J0I5;Q9LXW7
AT3G45630	Q9M1E4
AT3G46960	F4JAA5
AT3G47120	Q9SD61
AT3G47370	Q9STY6
AT3G48960	Q9SMT4
AT3G49390	Q9SG10
AT3G49430	A2RVS6;A8MR30
AT3G50670	Q42404
AT3G51800	F4J4J3;F4J4J5;Q96327
AT3G51950	Q9SV09
AT3G52140	F4J5R9;F4J5S0;F4J5S1;F4J5S2
AT3G52150	Q8VYM4
AT3G52380	Q39061
AT3G52660	Q9LXJ8
AT3G53460	F4JAF3;Q43349
AT3G53870	Q9M339
AT3G55200	Q9LD60
AT3G55340	Q9M3B8
AT3G55460	Q8L3X8
AT3G56860	Q9LES2
AT3G57150	C0SVF3;Q9LD90
AT3G58560	Q8W0Z9
AT3G58580	Q9M2F8
AT3G61620	Q9SP08
AT3G61860	P92964
AT3G63490	F4J296;Q9LY66
AT4G00830	F4JHN3;F4JHN6;Q9ASP6
AT4G03110	Q8LFS6;Q8VZ45
AT4G09040	A8MS54;Q6NPL0
AT4G10110	Q8GW25
AT4G10760	O82486
AT4G11175	O82499
AT4G12640	F4JRD9;Q0WPC2
AT4G13850	A8MRQ4;A8MSB9;F4JTU2;Q9SVM8
AT4G14300	Q8W034
AT4G14510	F4JVH1
AT4G15520	Q8GYT1;Q9SUL3
AT4G15770	Q6NM52
AT4G16200	O23467
AT4G16390	Q8GWE0
AT4G16830	A8MQG3;A8MQJ5;O23523
AT4G17520	O23593
AT4G17610	F4JP86;O23602
AT4G17620	F4JP90;F4JP92;Q0WV80;Q8RY73
AT4G19610	F4JT92
AT4G20910	Q9C5Q8
AT4G21670	Q5YDB6
AT4G21770	Q9SVS0
AT4G24270	F4JQ74;F4JQ75
AT4G24770	Q04836
AT4G25500	A8MRZ9;F4JSN1;P92965
AT4G25630	Q94AH9
AT4G25880	Q9C5E7
AT4G26000	Q9SZH4
AT4G26370	F4JUX9;Q93XY7
AT4G26480	Q0WLR1
AT4G26600	Q8VYM6
AT4G26650	B9DGK8;F4JV21;Q8W569
AT4G27000	Q93W34
AT4G27490	A2RVK7
AT4G31200	O49570
AT4G32720	F4JV47;Q93ZV7
AT4G34110	P42731
AT4G34730	O65693
AT4G35890	Q94K80
AT4G36020	O65639
AT4G36130	Q42064
AT4G36690	F4JQG2;O23212
AT4G36960	Q94AC3
AT4G37510	Q9SZV0
AT4G38020	Q8GYL4
AT4G39040	F4JV86;Q9SVI9
AT4G39260	B9DFJ8;F4JVB9;F4JVC0;F4JVC1;Q03251
AT4G39880	Q9SMR5
AT5G01270	F4K802;Q5YDB5
AT5G02250	Q6NQJ6
AT5G02530	Q8L719;Q9LZ49
AT5G02770	Q9LZ08
AT5G04280	Q8RWN5
AT5G04430	F4JW99;Q9LZ82
AT5G04810	Q0WMY5
AT5G05470	Q9FE78
AT5G06770	Q9FG30
AT5G07290	Q9LYN7
AT5G07350	F4K6N0;Q8VZG7
AT5G08180	Q9LEY9
AT5G08420	Q9FT93
AT5G09860	F4KFC9;Q93VM9
AT5G09880	Q93Y25
AT5G10350	F4KGU0;F4KGU1;Q9LX90
AT5G10800	F4KIA8
AT5G11350	Q8VYU4
AT5G11530	Q9LYD9
AT5G12410	Q94CK1
AT5G12440	Q94CJ8
AT5G13570	F4K3Z9;Q8GW31;Q9FNB6
AT5G14460	Q0WVR7
AT5G14580	Q9S7G6
AT5G15270	Q0WNX3
AT5G15390	Q9LXE4
AT5G15810	Q9LFU5
AT5G16260	Q9LF02
AT5G16840	A8MQX8;A8MSB5;Q9LFD5
AT5G18110	Q9FK59
AT5G19350	Q8VXZ9
AT5G20320	F4K482;P84634
AT5G21160	F4K703;F4K704;Q940X9
AT5G23080	Q8GXN9;Q9FN46
AT5G23880	Q9LKF9
AT5G23900	Q9FF90
AT5G30510	Q93VC7
AT5G35400	F4JZU2;Q8GUL5
AT5G35530	Q9FJA6
AT5G35620	O04663
AT5G37720	A8MQ78;Q6NQ72
AT5G38890	A2RVT9
AT5G40490	Q9FM47
AT5G42820	Q9FMY5
AT5G42920	F4K4J0;Q94BS3;Q9FMM6
AT5G43960	F4K7E0;Q9FND0
AT5G44200	Q9XFD1
AT5G46190	Q9FNK3
AT5G46250	A8MS45;F4KG39;Q94A38
AT5G46840	A8MQH7;Q9LUK6
AT5G47010	Q9FJR0
AT5G47210	A8MQD7;A8MRX4;Q9LVT8
AT5G47320	P39697
AT5G48650	Q84JH2
AT5G50250	Q9FGS0
AT5G51120	F4KBV2;F4KBV3;Q93VI4
AT5G51140	F4KBV6;Q9LU60
AT5G51410	P94088
AT5G53060	F4KIZ8;Q8W4B1
AT5G53180	Q0WQ48;Q9FGL9
AT5G54580	Q9FIU6
AT5G54900	Q9FPJ8
AT5G55550	F4K4W6;Q8L779;Q949Z3
AT5G55670	F4K4Y6;Q9FM71
AT5G56130	Q9FKT5
AT5G57870	F4KDF4;Q8H0T8;Q93ZT6
AT5G58003	Q00IB6
AT5G58040	F4KDH9;Q9FGU0
AT5G58470	Q94KD0
AT5G59950	B3H4K4;F4JXE3;F4JXE5;F4JXE7;Q8L773
AT5G60170	F4JXH7;F4JXH8;Q0WQI8
AT5G60960	Q9FME4
AT5G60980	F4K1Y4;Q8LEI7;Q9FME2
AT5G61030	Q9FNR1
AT5G61780	Q9FLT0
AT5G61960	Q8W4I9
AT5G63420	Q84W56
AT5G64200	Q9FMG4
AT5G65260	Q9FJN9
AT5G66100	Q8RWR2
AT5G66470	Q8VZ74
AT5G67240	F4K3N3;Q8RXK2
ATCG00040	P56784
